order_id,product_id,quantity,total,discount_percentage,total_after_discount,trx_date
1,62,73,0.0,0.0,0.0,7/16/2021 23:53:57
2,224,8,0.0,0.0,0.0,11/1/2018 03:49:23
3,330,110,0.0,0.0,0.0,5/6/2018 16:22:19
4,172,19,0.0,0.0,0.0,1/15/2019 15:01:59
5,108,72,0.0,0.0,0.0,3/30/2019 08:45:03
6,133,40,0.0,0.0,0.0,4/8/2021 10:20:19
7,197,37,0.0,0.0,0.0,1/14/2019 23:53:52
8,298,51,0.0,0.0,0.0,7/9/2019 10:50:59
9,47,50,0.0,0.0,0.0,12/15/2023 19:16:16
10,84,114,0.0,0.0,0.0,6/21/2023 06:50:00
11,114,85,0.0,0.0,0.0,6/9/2022 14:33:38
12,225,85,0.0,0.0,0.0,9/2/2023 18:11:01
13,285,119,0.0,0.0,0.0,2/13/2020 19:57:14
14,164,56,0.0,0.0,0.0,9/11/2020 19:04:38
15,141,84,0.0,0.0,0.0,11/22/2021 23:24:38
16,101,18,0.0,0.0,0.0,9/19/2019 07:51:15
17,14,32,0.0,0.0,0.0,11/26/2022 21:50:39
18,213,46,0.0,0.0,0.0,2/14/2020 18:30:32
19,137,81,0.0,0.0,0.0,2/4/2023 05:03:26
20,179,126,0.0,0.0,0.0,4/9/2023 21:43:14
21,288,56,0.0,0.0,0.0,1/16/2019 20:47:16
22,275,61,0.0,0.0,0.0,6/5/2021 23:17:59
23,4,98,0.0,0.0,0.0,12/16/2021 19:57:41
24,64,63,0.0,0.0,0.0,11/5/2020 21:45:25
25,134,11,0.0,0.0,0.0,6/27/2020 23:25:00
26,108,29,0.0,0.0,0.0,5/19/2021 22:18:35
27,18,61,0.0,0.0,0.0,9/19/2022 00:20:28
28,3,148,0.0,0.0,0.0,3/2/2023 07:17:29
29,192,107,0.0,0.0,0.0,10/8/2023 18:29:33
30,181,35,0.0,0.0,0.0,3/16/2020 14:02:25
31,212,148,0.0,0.0,0.0,11/14/2019 14:31:03
32,126,138,0.0,0.0,0.0,9/10/2020 11:15:42
33,118,18,0.0,0.0,0.0,6/14/2019 03:53:54
34,222,132,0.0,0.0,0.0,9/28/2020 01:57:45
35,262,64,0.0,0.0,0.0,10/28/2020 19:55:04
36,222,135,0.0,0.0,0.0,10/28/2021 04:03:44
37,20,60,0.0,0.0,0.0,7/27/2023 15:45:10
38,111,44,0.0,0.0,0.0,4/14/2018 10:41:13
39,190,61,0.0,0.0,0.0,1/23/2022 16:41:37
40,160,55,0.0,0.0,0.0,6/4/2018 05:23:09
41,56,85,0.0,0.0,0.0,9/13/2023 20:45:19
42,342,66,0.0,0.0,0.0,12/21/2019 05:10:02
43,39,109,0.0,0.0,0.0,4/11/2018 21:56:50
44,124,118,0.0,0.0,0.0,4/6/2022 00:02:28
45,326,22,0.0,0.0,0.0,11/15/2020 03:52:09
46,270,80,0.0,0.0,0.0,5/30/2020 01:52:34
47,102,20,0.0,0.0,0.0,2/8/2023 14:44:36
48,154,144,0.0,0.0,0.0,7/21/2022 02:42:58
49,17,48,0.0,0.0,0.0,1/5/2023 14:40:59
50,118,57,0.0,0.0,0.0,4/13/2021 09:00:01
51,74,92,0.0,0.0,0.0,7/14/2023 07:15:14
52,170,14,0.0,0.0,0.0,9/4/2019 05:22:00
53,69,18,0.0,0.0,0.0,1/2/2020 01:03:13
54,93,56,0.0,0.0,0.0,3/3/2019 03:23:21
55,29,89,0.0,0.0,0.0,10/3/2021 16:49:14
56,325,132,0.0,0.0,0.0,8/19/2023 01:05:25
57,231,6,0.0,0.0,0.0,1/8/2018 06:47:00
58,266,109,0.0,0.0,0.0,10/22/2022 19:17:55
59,333,46,0.0,0.0,0.0,4/11/2019 22:27:57
60,318,17,0.0,0.0,0.0,12/21/2023 16:30:05
61,321,91,0.0,0.0,0.0,5/27/2021 04:39:00
62,155,135,0.0,0.0,0.0,12/26/2023 10:08:54
63,111,63,0.0,0.0,0.0,11/1/2023 21:46:13
64,310,37,0.0,0.0,0.0,9/14/2020 04:14:38
65,206,50,0.0,0.0,0.0,3/10/2020 08:44:45
66,297,24,0.0,0.0,0.0,10/16/2021 22:46:04
67,283,35,0.0,0.0,0.0,10/25/2021 06:45:16
68,319,37,0.0,0.0,0.0,10/25/2022 01:07:18
69,262,4,0.0,0.0,0.0,10/29/2020 04:08:11
70,6,81,0.0,0.0,0.0,7/2/2023 03:58:53
71,37,76,0.0,0.0,0.0,7/28/2018 04:41:10
72,340,114,0.0,0.0,0.0,1/27/2020 22:45:39
73,145,36,0.0,0.0,0.0,2/22/2022 19:00:25
74,145,113,0.0,0.0,0.0,10/29/2018 11:41:04
75,105,47,0.0,0.0,0.0,11/24/2018 04:33:13
76,1,119,0.0,0.0,0.0,6/3/2022 14:33:02
77,31,148,0.0,0.0,0.0,6/9/2019 13:00:54
78,269,43,0.0,0.0,0.0,8/25/2019 16:17:39
79,169,24,0.0,0.0,0.0,8/12/2021 16:46:12
80,166,85,0.0,0.0,0.0,1/1/2021 03:59:05
81,262,91,0.0,0.0,0.0,10/14/2019 14:59:44
82,308,86,0.0,0.0,0.0,6/29/2023 21:33:50
83,327,4,0.0,0.0,0.0,1/26/2023 17:49:43
84,265,81,0.0,0.0,0.0,5/27/2023 11:51:59
85,236,131,0.0,0.0,0.0,2/10/2020 21:59:49
86,53,103,0.0,0.0,0.0,12/20/2021 05:36:21
87,154,54,0.0,0.0,0.0,9/28/2019 09:44:54
88,178,122,0.0,0.0,0.0,3/22/2018 03:39:00
89,87,106,0.0,0.0,0.0,2/10/2022 16:41:14
90,158,20,0.0,0.0,0.0,1/23/2022 12:11:00
91,340,136,0.0,0.0,0.0,11/4/2018 03:39:57
92,258,80,0.0,0.0,0.0,10/14/2019 19:16:41
93,43,80,0.0,0.0,0.0,12/31/2020 09:48:04
94,286,84,0.0,0.0,0.0,4/17/2023 08:18:07
95,65,108,0.0,0.0,0.0,4/25/2020 21:57:17
96,271,135,0.0,0.0,0.0,6/5/2021 10:45:05
97,218,61,0.0,0.0,0.0,10/13/2020 21:07:52
98,296,5,0.0,0.0,0.0,9/11/2023 19:01:37
99,57,23,0.0,0.0,0.0,3/21/2019 23:36:52
100,3,100,0.0,0.0,0.0,1/23/2021 00:51:32
101,213,58,0.0,0.0,0.0,12/28/2022 19:35:01
102,135,135,0.0,0.0,0.0,11/26/2022 09:24:43
103,281,123,0.0,0.0,0.0,10/11/2018 21:28:19
104,197,90,0.0,0.0,0.0,8/2/2018 18:19:27
105,9,61,0.0,0.0,0.0,12/10/2019 16:18:01
106,105,50,0.0,0.0,0.0,1/5/2023 01:58:32
107,207,43,0.0,0.0,0.0,3/22/2018 16:39:02
108,27,34,0.0,0.0,0.0,1/31/2018 02:55:23
109,291,40,0.0,0.0,0.0,10/7/2019 18:44:51
110,222,24,0.0,0.0,0.0,3/24/2023 11:44:41
111,337,13,0.0,0.0,0.0,4/27/2023 18:11:16
112,191,72,0.0,0.0,0.0,9/7/2022 09:55:24
113,328,118,0.0,0.0,0.0,9/26/2023 13:01:08
114,6,79,0.0,0.0,0.0,11/11/2020 14:18:39
115,209,19,0.0,0.0,0.0,12/15/2020 12:09:25
116,325,81,0.0,0.0,0.0,1/18/2018 06:55:15
117,207,20,0.0,0.0,0.0,4/17/2022 23:06:02
118,220,40,0.0,0.0,0.0,12/21/2020 01:56:45
119,136,13,0.0,0.0,0.0,2/6/2022 20:27:29
120,275,43,0.0,0.0,0.0,6/8/2022 15:40:39
121,226,45,0.0,0.0,0.0,7/5/2020 00:20:17
122,273,109,0.0,0.0,0.0,11/30/2018 21:30:33
123,131,91,0.0,0.0,0.0,10/14/2020 01:53:59
124,312,28,0.0,0.0,0.0,8/27/2023 14:45:06
125,71,37,0.0,0.0,0.0,10/17/2020 09:30:24
126,64,96,0.0,0.0,0.0,10/4/2023 01:50:58
127,274,61,0.0,0.0,0.0,1/24/2019 19:44:54
128,105,141,0.0,0.0,0.0,4/21/2019 10:57:57
129,293,8,0.0,0.0,0.0,4/25/2022 03:30:24
130,126,21,0.0,0.0,0.0,12/9/2021 00:06:39
131,316,134,0.0,0.0,0.0,2/8/2021 12:56:38
132,113,44,0.0,0.0,0.0,11/22/2018 15:50:50
133,20,89,0.0,0.0,0.0,1/9/2018 21:55:36
134,265,91,0.0,0.0,0.0,4/28/2023 18:44:25
135,117,119,0.0,0.0,0.0,1/26/2023 09:08:08
136,48,55,0.0,0.0,0.0,6/15/2019 05:21:54
137,140,36,0.0,0.0,0.0,12/15/2021 14:44:03
138,327,74,0.0,0.0,0.0,5/21/2020 19:21:27
139,8,19,0.0,0.0,0.0,3/28/2019 16:50:03
140,320,57,0.0,0.0,0.0,2/10/2021 17:05:07
141,185,73,0.0,0.0,0.0,7/17/2019 11:47:50
142,185,82,0.0,0.0,0.0,6/11/2020 11:22:26
143,32,48,0.0,0.0,0.0,1/22/2021 07:38:54
144,168,146,0.0,0.0,0.0,1/5/2020 23:26:36
145,92,124,0.0,0.0,0.0,5/7/2021 18:59:24
146,338,10,0.0,0.0,0.0,11/12/2018 15:00:35
147,160,8,0.0,0.0,0.0,8/4/2021 05:19:57
148,160,131,0.0,0.0,0.0,11/5/2018 23:32:16
149,258,40,0.0,0.0,0.0,7/11/2018 21:42:06
150,310,17,0.0,0.0,0.0,3/14/2020 16:26:49
151,91,108,0.0,0.0,0.0,8/8/2022 19:58:21
152,115,110,0.0,0.0,0.0,4/1/2018 03:39:24
153,145,70,0.0,0.0,0.0,2/20/2019 14:22:51
154,336,8,0.0,0.0,0.0,12/19/2023 23:06:21
155,116,59,0.0,0.0,0.0,8/16/2020 05:06:57
156,163,79,0.0,0.0,0.0,10/18/2018 10:59:44
157,336,36,0.0,0.0,0.0,1/7/2018 08:43:24
158,155,26,0.0,0.0,0.0,9/16/2021 14:49:33
159,77,114,0.0,0.0,0.0,6/2/2020 05:48:54
160,97,2,0.0,0.0,0.0,9/25/2018 12:11:07
161,347,116,0.0,0.0,0.0,6/24/2020 06:39:37
162,263,120,0.0,0.0,0.0,5/7/2023 01:25:05
163,33,140,0.0,0.0,0.0,5/13/2018 03:47:44
164,6,28,0.0,0.0,0.0,8/22/2020 06:46:28
165,212,107,0.0,0.0,0.0,3/18/2021 14:54:24
166,10,143,0.0,0.0,0.0,6/1/2021 02:11:30
167,151,8,0.0,0.0,0.0,12/22/2020 18:39:45
168,202,148,0.0,0.0,0.0,11/21/2023 21:21:48
169,341,70,0.0,0.0,0.0,4/2/2023 19:07:05
170,167,129,0.0,0.0,0.0,12/20/2020 22:49:57
171,48,14,0.0,0.0,0.0,11/23/2022 14:27:41
172,312,10,0.0,0.0,0.0,5/19/2023 03:57:24
173,80,88,0.0,0.0,0.0,3/31/2022 14:49:43
174,159,56,0.0,0.0,0.0,5/6/2022 13:09:01
175,333,38,0.0,0.0,0.0,8/16/2023 00:30:36
176,207,1,0.0,0.0,0.0,9/29/2018 10:30:58
177,68,129,0.0,0.0,0.0,5/11/2018 02:23:49
178,234,113,0.0,0.0,0.0,6/3/2019 08:27:46
179,206,139,0.0,0.0,0.0,9/25/2022 01:12:54
180,261,65,0.0,0.0,0.0,11/24/2022 21:48:04
181,316,25,0.0,0.0,0.0,1/14/2020 04:08:16
182,24,16,0.0,0.0,0.0,12/14/2018 00:33:02
183,155,9,0.0,0.0,0.0,5/24/2023 04:56:04
184,110,21,0.0,0.0,0.0,3/6/2019 09:18:43
185,330,99,0.0,0.0,0.0,6/19/2018 19:34:16
186,204,150,0.0,0.0,0.0,7/22/2023 00:19:26
187,223,128,0.0,0.0,0.0,3/1/2019 18:27:09
188,70,6,0.0,0.0,0.0,12/19/2022 07:24:50
189,330,8,0.0,0.0,0.0,1/26/2020 18:35:59
190,183,51,0.0,0.0,0.0,3/10/2019 06:06:14
191,230,32,0.0,0.0,0.0,7/11/2019 20:38:13
192,66,143,0.0,0.0,0.0,8/9/2020 08:23:10
193,160,51,0.0,0.0,0.0,5/18/2023 10:20:16
194,141,135,0.0,0.0,0.0,9/1/2020 13:23:09
195,102,115,0.0,0.0,0.0,4/10/2023 14:29:15
196,100,8,0.0,0.0,0.0,10/30/2019 09:39:25
197,29,24,0.0,0.0,0.0,4/14/2023 06:53:33
198,241,94,0.0,0.0,0.0,7/25/2022 05:20:20
199,296,59,0.0,0.0,0.0,4/26/2018 15:46:39
200,314,121,0.0,0.0,0.0,7/29/2023 19:45:19
201,312,149,0.0,0.0,0.0,2/14/2021 19:14:07
202,81,79,0.0,0.0,0.0,12/6/2020 02:15:57
203,6,64,0.0,0.0,0.0,12/24/2022 05:10:30
204,237,145,0.0,0.0,0.0,8/22/2018 02:38:44
205,47,72,0.0,0.0,0.0,9/26/2018 12:38:54
206,301,88,0.0,0.0,0.0,5/14/2018 04:51:11
207,333,120,0.0,0.0,0.0,5/1/2020 20:22:53
208,251,102,0.0,0.0,0.0,9/11/2019 23:33:33
209,76,133,0.0,0.0,0.0,6/18/2019 15:50:10
210,348,53,0.0,0.0,0.0,1/21/2018 08:24:57
211,52,43,0.0,0.0,0.0,2/1/2021 13:35:16
212,100,98,0.0,0.0,0.0,2/13/2018 02:58:53
213,52,106,0.0,0.0,0.0,9/26/2023 05:55:28
214,27,145,0.0,0.0,0.0,10/17/2021 05:31:58
215,218,1,0.0,0.0,0.0,5/4/2018 16:44:29
216,182,68,0.0,0.0,0.0,5/14/2018 18:17:28
217,303,46,0.0,0.0,0.0,10/27/2019 16:52:48
218,323,149,0.0,0.0,0.0,7/8/2018 22:49:34
219,170,147,0.0,0.0,0.0,10/22/2019 15:35:16
220,304,26,0.0,0.0,0.0,6/12/2018 20:51:36
221,18,39,0.0,0.0,0.0,11/10/2020 19:25:09
222,338,27,0.0,0.0,0.0,4/9/2019 19:28:58
223,260,2,0.0,0.0,0.0,10/9/2021 01:02:59
224,112,101,0.0,0.0,0.0,1/22/2018 08:21:52
225,70,95,0.0,0.0,0.0,5/3/2023 00:48:45
226,239,92,0.0,0.0,0.0,3/13/2022 20:16:03
227,177,106,0.0,0.0,0.0,4/21/2018 21:54:38
228,68,29,0.0,0.0,0.0,7/8/2020 08:24:44
229,296,100,0.0,0.0,0.0,6/25/2020 09:50:37
230,28,12,0.0,0.0,0.0,3/24/2020 18:33:43
231,138,75,0.0,0.0,0.0,3/9/2020 17:18:01
232,341,78,0.0,0.0,0.0,5/30/2020 07:17:33
233,113,119,0.0,0.0,0.0,5/5/2019 09:07:37
234,230,8,0.0,0.0,0.0,4/12/2022 12:58:26
235,128,61,0.0,0.0,0.0,7/17/2023 06:44:11
236,107,102,0.0,0.0,0.0,4/3/2021 00:14:26
237,248,94,0.0,0.0,0.0,8/28/2019 08:55:38
238,126,72,0.0,0.0,0.0,2/16/2019 19:05:37
239,229,9,0.0,0.0,0.0,12/18/2021 21:00:44
240,111,70,0.0,0.0,0.0,10/13/2018 09:15:54
241,311,127,0.0,0.0,0.0,4/11/2022 11:53:13
242,254,91,0.0,0.0,0.0,6/11/2020 18:37:58
243,78,84,0.0,0.0,0.0,11/21/2020 00:52:15
244,10,90,0.0,0.0,0.0,8/12/2018 23:21:56
245,297,139,0.0,0.0,0.0,7/8/2019 10:51:28
246,107,66,0.0,0.0,0.0,1/5/2019 03:58:58
247,158,52,0.0,0.0,0.0,2/28/2023 18:08:22
248,155,72,0.0,0.0,0.0,9/19/2018 10:56:39
249,314,144,0.0,0.0,0.0,2/20/2019 15:32:21
250,340,66,0.0,0.0,0.0,9/12/2022 01:30:53
251,184,90,0.0,0.0,0.0,6/25/2023 11:29:49
252,312,149,0.0,0.0,0.0,10/22/2020 21:06:19
253,346,112,0.0,0.0,0.0,11/17/2022 23:19:53
254,177,17,0.0,0.0,0.0,7/17/2020 02:13:17
255,103,122,0.0,0.0,0.0,10/20/2020 16:52:17
256,105,114,0.0,0.0,0.0,2/6/2023 16:59:54
257,79,113,0.0,0.0,0.0,6/9/2021 02:04:02
258,57,26,0.0,0.0,0.0,12/23/2020 12:50:09
259,175,7,0.0,0.0,0.0,2/24/2023 15:56:21
260,271,114,0.0,0.0,0.0,11/21/2018 20:42:17
261,67,25,0.0,0.0,0.0,12/28/2019 17:21:15
262,29,73,0.0,0.0,0.0,6/10/2021 20:36:24
263,165,131,0.0,0.0,0.0,7/29/2019 02:27:09
264,78,88,0.0,0.0,0.0,8/20/2023 03:07:06
265,297,121,0.0,0.0,0.0,3/11/2023 14:04:11
266,346,73,0.0,0.0,0.0,1/16/2022 01:16:30
267,232,119,0.0,0.0,0.0,10/10/2018 12:44:10
268,7,105,0.0,0.0,0.0,12/11/2020 19:13:23
269,344,34,0.0,0.0,0.0,3/15/2021 01:44:08
270,299,117,0.0,0.0,0.0,9/10/2021 04:57:52
271,86,129,0.0,0.0,0.0,7/10/2023 18:28:45
272,245,14,0.0,0.0,0.0,12/21/2022 10:37:25
273,216,73,0.0,0.0,0.0,10/21/2019 07:16:53
274,45,64,0.0,0.0,0.0,8/22/2022 09:27:05
275,21,46,0.0,0.0,0.0,9/4/2018 18:41:16
276,165,122,0.0,0.0,0.0,3/9/2019 07:57:15
277,133,127,0.0,0.0,0.0,5/29/2020 05:46:43
278,305,115,0.0,0.0,0.0,5/21/2019 02:27:39
279,344,96,0.0,0.0,0.0,12/20/2021 23:34:44
280,217,19,0.0,0.0,0.0,10/31/2022 15:44:41
281,295,109,0.0,0.0,0.0,8/11/2022 05:02:58
282,133,13,0.0,0.0,0.0,10/28/2021 01:02:06
283,160,128,0.0,0.0,0.0,5/6/2021 11:55:03
284,229,19,0.0,0.0,0.0,2/29/2020 13:54:27
285,125,89,0.0,0.0,0.0,10/25/2019 05:09:20
286,220,77,0.0,0.0,0.0,9/13/2019 12:03:24
287,287,75,0.0,0.0,0.0,12/24/2022 11:27:24
288,333,28,0.0,0.0,0.0,1/15/2022 23:27:52
289,110,141,0.0,0.0,0.0,3/20/2020 20:27:27
290,268,33,0.0,0.0,0.0,7/30/2022 01:25:30
291,279,127,0.0,0.0,0.0,10/12/2022 11:27:13
292,262,112,0.0,0.0,0.0,7/13/2022 23:15:59
293,339,133,0.0,0.0,0.0,2/14/2019 21:47:10
294,261,132,0.0,0.0,0.0,2/16/2019 06:23:10
295,345,126,0.0,0.0,0.0,5/26/2019 00:24:33
296,135,136,0.0,0.0,0.0,3/18/2020 21:32:42
297,232,66,0.0,0.0,0.0,10/15/2021 03:12:49
298,179,50,0.0,0.0,0.0,2/1/2019 09:27:02
299,294,126,0.0,0.0,0.0,7/28/2018 11:03:09
300,31,93,0.0,0.0,0.0,8/14/2022 14:46:10
301,20,48,0.0,0.0,0.0,8/30/2023 10:10:12
302,130,114,0.0,0.0,0.0,10/4/2018 20:11:01
303,323,72,0.0,0.0,0.0,4/26/2019 11:30:35
304,268,13,0.0,0.0,0.0,1/9/2023 22:07:17
305,80,100,0.0,0.0,0.0,12/28/2018 20:03:44
306,193,100,0.0,0.0,0.0,8/13/2023 22:30:11
307,124,56,0.0,0.0,0.0,1/11/2021 12:19:44
308,321,71,0.0,0.0,0.0,6/17/2018 20:41:06
309,77,5,0.0,0.0,0.0,6/23/2021 16:52:22
310,276,87,0.0,0.0,0.0,12/7/2018 11:30:02
311,91,66,0.0,0.0,0.0,5/5/2021 06:39:02
312,269,100,0.0,0.0,0.0,3/22/2019 11:22:11
313,216,62,0.0,0.0,0.0,12/13/2018 05:04:17
314,133,5,0.0,0.0,0.0,5/8/2023 14:48:35
315,219,85,0.0,0.0,0.0,5/22/2018 00:50:53
316,53,105,0.0,0.0,0.0,10/6/2022 23:10:15
317,92,14,0.0,0.0,0.0,10/5/2020 01:36:49
318,52,143,0.0,0.0,0.0,7/15/2022 11:55:41
319,183,27,0.0,0.0,0.0,11/21/2020 09:34:48
320,192,14,0.0,0.0,0.0,8/29/2023 17:51:28
321,125,87,0.0,0.0,0.0,7/21/2023 11:40:53
322,241,17,0.0,0.0,0.0,8/12/2023 19:49:40
323,137,26,0.0,0.0,0.0,6/1/2021 20:47:34
324,92,59,0.0,0.0,0.0,7/23/2018 19:44:58
325,169,91,0.0,0.0,0.0,3/10/2023 03:06:51
326,131,64,0.0,0.0,0.0,9/10/2023 18:10:48
327,275,104,0.0,0.0,0.0,8/30/2023 09:29:02
328,193,26,0.0,0.0,0.0,12/3/2018 03:34:30
329,62,22,0.0,0.0,0.0,5/14/2019 01:58:15
330,153,31,0.0,0.0,0.0,6/6/2023 03:24:12
331,321,6,0.0,0.0,0.0,11/20/2021 23:10:58
332,312,91,0.0,0.0,0.0,9/21/2018 10:12:23
333,64,111,0.0,0.0,0.0,3/7/2020 04:37:13
334,326,44,0.0,0.0,0.0,8/16/2020 23:16:27
335,160,112,0.0,0.0,0.0,10/21/2021 06:50:25
336,273,101,0.0,0.0,0.0,1/19/2020 09:58:54
337,87,116,0.0,0.0,0.0,4/17/2018 01:35:26
338,253,101,0.0,0.0,0.0,3/14/2020 13:31:00
339,10,87,0.0,0.0,0.0,12/5/2020 15:38:11
340,208,115,0.0,0.0,0.0,9/12/2022 16:51:03
341,221,141,0.0,0.0,0.0,9/25/2018 00:46:03
342,315,3,0.0,0.0,0.0,11/27/2021 06:14:59
343,318,85,0.0,0.0,0.0,11/13/2019 06:59:18
344,65,33,0.0,0.0,0.0,1/28/2019 18:58:53
345,316,140,0.0,0.0,0.0,9/6/2023 15:34:21
346,21,16,0.0,0.0,0.0,9/14/2023 12:30:02
347,268,67,0.0,0.0,0.0,3/24/2021 02:16:33
348,199,9,0.0,0.0,0.0,9/12/2020 01:00:12
349,193,71,0.0,0.0,0.0,4/5/2023 02:40:53
350,143,116,0.0,0.0,0.0,9/20/2023 18:27:37
351,114,60,0.0,0.0,0.0,11/24/2019 20:35:32
352,21,57,0.0,0.0,0.0,10/7/2022 23:28:07
353,97,79,0.0,0.0,0.0,5/22/2023 02:13:14
354,256,91,0.0,0.0,0.0,11/14/2018 18:57:32
355,349,97,0.0,0.0,0.0,3/28/2018 04:47:39
356,76,20,0.0,0.0,0.0,3/13/2020 08:59:57
357,224,43,0.0,0.0,0.0,8/5/2020 01:08:25
358,185,5,0.0,0.0,0.0,7/8/2018 17:16:24
359,322,141,0.0,0.0,0.0,6/16/2021 09:32:48
360,127,113,0.0,0.0,0.0,10/24/2023 05:45:00
361,301,140,0.0,0.0,0.0,7/8/2023 05:37:42
362,99,45,0.0,0.0,0.0,5/27/2023 06:00:04
363,233,27,0.0,0.0,0.0,1/16/2018 04:16:54
364,164,28,0.0,0.0,0.0,12/3/2021 19:51:18
365,215,75,0.0,0.0,0.0,4/2/2023 11:37:39
366,124,119,0.0,0.0,0.0,12/3/2019 01:29:07
367,18,49,0.0,0.0,0.0,6/28/2020 23:53:53
368,25,114,0.0,0.0,0.0,2/27/2022 20:25:53
369,289,43,0.0,0.0,0.0,9/14/2022 15:56:34
370,331,116,0.0,0.0,0.0,6/21/2022 10:49:49
371,90,36,0.0,0.0,0.0,10/28/2021 08:53:47
372,183,88,0.0,0.0,0.0,8/27/2018 15:33:10
373,131,109,0.0,0.0,0.0,1/23/2018 20:49:34
374,189,20,0.0,0.0,0.0,2/13/2019 19:25:02
375,51,144,0.0,0.0,0.0,2/21/2019 09:36:57
376,95,38,0.0,0.0,0.0,7/18/2021 10:36:59
377,31,5,0.0,0.0,0.0,11/16/2020 13:42:42
378,206,9,0.0,0.0,0.0,1/21/2022 20:05:36
379,104,132,0.0,0.0,0.0,8/26/2018 16:36:48
380,63,101,0.0,0.0,0.0,5/26/2022 04:54:20
381,312,91,0.0,0.0,0.0,8/24/2021 22:47:59
382,297,132,0.0,0.0,0.0,10/13/2018 23:07:10
383,98,32,0.0,0.0,0.0,10/2/2019 12:55:10
384,87,126,0.0,0.0,0.0,10/14/2021 15:26:00
385,114,115,0.0,0.0,0.0,10/8/2021 10:35:15
386,7,37,0.0,0.0,0.0,5/8/2019 00:20:59
387,121,61,0.0,0.0,0.0,12/4/2019 12:35:41
388,239,16,0.0,0.0,0.0,5/6/2018 08:55:04
389,204,145,0.0,0.0,0.0,7/26/2022 09:30:36
390,33,134,0.0,0.0,0.0,6/1/2021 02:24:51
391,50,15,0.0,0.0,0.0,1/20/2022 19:31:32
392,273,108,0.0,0.0,0.0,5/12/2018 02:15:14
393,183,92,0.0,0.0,0.0,11/10/2019 18:41:07
394,311,29,0.0,0.0,0.0,4/20/2021 11:30:03
395,324,35,0.0,0.0,0.0,9/30/2021 14:07:25
396,256,93,0.0,0.0,0.0,4/16/2018 14:26:57
397,214,48,0.0,0.0,0.0,10/22/2020 06:23:03
398,103,43,0.0,0.0,0.0,7/14/2019 05:48:33
399,186,106,0.0,0.0,0.0,9/27/2018 04:55:06
400,312,111,0.0,0.0,0.0,4/4/2018 15:38:13
401,333,51,0.0,0.0,0.0,8/15/2020 09:57:09
402,81,64,0.0,0.0,0.0,12/28/2023 09:07:57
403,323,38,0.0,0.0,0.0,2/17/2023 09:59:56
404,259,124,0.0,0.0,0.0,5/23/2021 22:19:02
405,97,26,0.0,0.0,0.0,1/12/2019 02:28:15
406,17,113,0.0,0.0,0.0,5/20/2021 05:45:52
407,181,60,0.0,0.0,0.0,8/25/2021 07:08:24
408,161,21,0.0,0.0,0.0,11/24/2022 07:16:25
409,185,98,0.0,0.0,0.0,10/15/2019 09:03:30
410,32,79,0.0,0.0,0.0,9/4/2018 04:33:13
411,143,93,0.0,0.0,0.0,9/28/2018 01:08:56
412,276,65,0.0,0.0,0.0,9/20/2020 18:05:05
413,232,13,0.0,0.0,0.0,4/24/2018 17:33:40
414,98,135,0.0,0.0,0.0,3/18/2020 10:25:48
415,39,44,0.0,0.0,0.0,12/27/2021 15:27:09
416,219,147,0.0,0.0,0.0,3/1/2018 14:56:45
417,7,144,0.0,0.0,0.0,11/17/2018 13:19:45
418,112,16,0.0,0.0,0.0,1/11/2023 18:24:52
419,238,46,0.0,0.0,0.0,7/8/2023 03:17:29
420,162,90,0.0,0.0,0.0,6/9/2019 04:44:45
421,83,142,0.0,0.0,0.0,4/12/2023 06:29:52
422,52,26,0.0,0.0,0.0,6/16/2018 15:14:26
423,254,6,0.0,0.0,0.0,9/1/2020 10:47:36
424,134,61,0.0,0.0,0.0,8/11/2021 14:45:13
425,74,120,0.0,0.0,0.0,6/22/2022 09:36:52
426,281,22,0.0,0.0,0.0,1/29/2021 13:43:08
427,34,115,0.0,0.0,0.0,7/1/2019 14:00:26
428,132,3,0.0,0.0,0.0,11/5/2020 14:55:12
429,65,100,0.0,0.0,0.0,9/13/2023 04:42:51
430,320,53,0.0,0.0,0.0,8/16/2018 19:58:09
431,96,116,0.0,0.0,0.0,5/3/2018 12:14:29
432,307,122,0.0,0.0,0.0,5/3/2020 21:51:18
433,145,19,0.0,0.0,0.0,1/22/2022 21:12:12
434,82,94,0.0,0.0,0.0,12/9/2022 09:54:24
435,245,32,0.0,0.0,0.0,3/22/2022 05:17:08
436,174,75,0.0,0.0,0.0,12/18/2023 16:28:34
437,94,18,0.0,0.0,0.0,7/17/2023 17:48:56
438,136,113,0.0,0.0,0.0,7/17/2019 22:17:36
439,101,22,0.0,0.0,0.0,6/8/2020 16:35:02
440,260,61,0.0,0.0,0.0,5/21/2023 18:33:10
441,107,80,0.0,0.0,0.0,5/23/2023 01:42:05
442,86,125,0.0,0.0,0.0,10/6/2022 05:04:28
443,276,134,0.0,0.0,0.0,10/30/2020 12:56:55
444,266,112,0.0,0.0,0.0,5/30/2020 23:16:42
445,52,119,0.0,0.0,0.0,1/31/2020 20:22:54
446,255,38,0.0,0.0,0.0,1/19/2023 15:55:02
447,115,60,0.0,0.0,0.0,4/29/2022 11:27:36
448,152,16,0.0,0.0,0.0,10/12/2021 22:54:47
449,10,66,0.0,0.0,0.0,10/16/2023 17:01:16
450,133,76,0.0,0.0,0.0,7/17/2021 05:01:54
451,324,146,0.0,0.0,0.0,2/8/2021 20:54:34
452,122,30,0.0,0.0,0.0,5/2/2021 07:52:53
453,290,53,0.0,0.0,0.0,12/9/2018 08:16:33
454,106,31,0.0,0.0,0.0,6/2/2018 03:58:04
455,18,146,0.0,0.0,0.0,7/17/2019 17:36:12
456,28,138,0.0,0.0,0.0,6/27/2018 21:44:34
457,332,145,0.0,0.0,0.0,10/13/2022 15:14:21
458,149,57,0.0,0.0,0.0,8/19/2018 15:27:30
459,60,142,0.0,0.0,0.0,3/4/2019 05:15:16
460,4,92,0.0,0.0,0.0,11/8/2019 11:17:35
461,288,65,0.0,0.0,0.0,3/3/2021 18:00:32
462,154,27,0.0,0.0,0.0,11/3/2020 23:48:37
463,165,84,0.0,0.0,0.0,6/3/2018 07:53:16
464,243,150,0.0,0.0,0.0,7/7/2021 07:12:57
465,215,12,0.0,0.0,0.0,8/3/2022 19:21:54
466,61,52,0.0,0.0,0.0,10/11/2022 13:46:27
467,149,117,0.0,0.0,0.0,12/25/2020 03:36:34
468,328,48,0.0,0.0,0.0,12/11/2023 07:12:45
469,140,48,0.0,0.0,0.0,2/11/2022 11:21:41
470,93,148,0.0,0.0,0.0,2/17/2018 12:54:26
471,98,95,0.0,0.0,0.0,9/15/2020 19:44:41
472,178,27,0.0,0.0,0.0,4/5/2023 01:09:37
473,127,143,0.0,0.0,0.0,8/28/2021 23:57:51
474,185,31,0.0,0.0,0.0,6/9/2023 10:20:00
475,338,44,0.0,0.0,0.0,5/2/2019 14:44:38
476,116,116,0.0,0.0,0.0,5/24/2020 07:55:06
477,72,23,0.0,0.0,0.0,9/5/2018 19:40:48
478,213,118,0.0,0.0,0.0,5/12/2021 13:57:24
479,311,116,0.0,0.0,0.0,1/21/2021 23:59:36
480,169,100,0.0,0.0,0.0,6/22/2022 19:26:03
481,75,108,0.0,0.0,0.0,9/6/2023 21:28:55
482,343,115,0.0,0.0,0.0,11/16/2023 01:33:46
483,262,120,0.0,0.0,0.0,10/23/2019 11:44:39
484,116,48,0.0,0.0,0.0,11/26/2021 20:06:12
485,157,113,0.0,0.0,0.0,7/14/2022 02:59:38
486,347,50,0.0,0.0,0.0,9/2/2018 13:40:08
487,263,82,0.0,0.0,0.0,5/2/2021 14:46:44
488,286,53,0.0,0.0,0.0,3/16/2021 13:17:51
489,71,96,0.0,0.0,0.0,12/6/2020 12:11:48
490,184,93,0.0,0.0,0.0,6/14/2021 05:25:05
491,343,136,0.0,0.0,0.0,11/15/2023 18:12:19
492,288,119,0.0,0.0,0.0,6/20/2021 16:28:06
493,260,137,0.0,0.0,0.0,2/25/2019 06:24:03
494,309,24,0.0,0.0,0.0,1/11/2018 13:20:50
495,199,22,0.0,0.0,0.0,7/6/2018 08:39:43
496,186,103,0.0,0.0,0.0,12/31/2021 07:24:42
497,250,61,0.0,0.0,0.0,10/19/2023 12:14:15
498,213,48,0.0,0.0,0.0,5/13/2020 06:15:50
499,189,85,0.0,0.0,0.0,11/25/2020 16:23:54
500,301,120,0.0,0.0,0.0,2/6/2022 14:54:44
501,214,82,0.0,0.0,0.0,2/19/2021 20:28:55
502,138,128,0.0,0.0,0.0,5/12/2021 08:03:53
503,299,84,0.0,0.0,0.0,8/3/2019 09:52:17
504,70,69,0.0,0.0,0.0,6/7/2018 17:18:04
505,115,135,0.0,0.0,0.0,3/9/2018 14:25:01
506,118,100,0.0,0.0,0.0,7/14/2021 16:03:59
507,26,55,0.0,0.0,0.0,2/14/2018 12:07:24
508,108,77,0.0,0.0,0.0,2/4/2023 19:10:24
509,68,125,0.0,0.0,0.0,1/21/2019 07:36:50
510,16,23,0.0,0.0,0.0,6/5/2020 11:49:33
511,133,91,0.0,0.0,0.0,12/6/2022 01:57:46
512,38,44,0.0,0.0,0.0,12/9/2023 08:11:04
513,329,11,0.0,0.0,0.0,5/22/2019 08:04:30
514,293,90,0.0,0.0,0.0,6/15/2023 15:34:37
515,279,87,0.0,0.0,0.0,8/20/2022 16:21:36
516,261,129,0.0,0.0,0.0,5/26/2021 16:58:12
517,344,128,0.0,0.0,0.0,5/23/2019 12:34:05
518,216,128,0.0,0.0,0.0,12/9/2022 03:39:40
519,126,141,0.0,0.0,0.0,5/4/2018 20:30:04
520,142,4,0.0,0.0,0.0,5/22/2021 07:57:06
521,259,118,0.0,0.0,0.0,12/12/2019 16:19:56
522,311,120,0.0,0.0,0.0,4/9/2018 00:01:53
523,233,81,0.0,0.0,0.0,4/9/2021 01:49:53
524,38,43,0.0,0.0,0.0,7/14/2022 02:55:11
525,122,31,0.0,0.0,0.0,4/21/2023 23:34:14
526,290,97,0.0,0.0,0.0,1/9/2021 04:53:50
527,190,19,0.0,0.0,0.0,1/30/2018 18:11:19
528,163,10,0.0,0.0,0.0,4/25/2019 21:05:37
529,178,147,0.0,0.0,0.0,4/27/2018 18:02:17
530,321,65,0.0,0.0,0.0,12/14/2020 01:02:31
531,136,135,0.0,0.0,0.0,4/28/2020 05:35:42
532,272,18,0.0,0.0,0.0,10/29/2020 01:23:51
533,13,141,0.0,0.0,0.0,4/27/2022 12:42:08
534,108,5,0.0,0.0,0.0,4/29/2023 04:50:13
535,2,144,0.0,0.0,0.0,12/13/2021 15:48:49
536,69,3,0.0,0.0,0.0,10/30/2022 07:15:28
537,249,60,0.0,0.0,0.0,5/7/2021 07:56:46
538,76,12,0.0,0.0,0.0,11/4/2021 06:50:31
539,164,59,0.0,0.0,0.0,11/2/2020 14:09:04
540,164,63,0.0,0.0,0.0,7/18/2020 12:16:06
541,269,125,0.0,0.0,0.0,7/24/2023 18:30:32
542,107,9,0.0,0.0,0.0,4/4/2020 03:56:24
543,11,9,0.0,0.0,0.0,3/23/2023 09:54:24
544,223,141,0.0,0.0,0.0,1/31/2021 06:36:06
545,281,31,0.0,0.0,0.0,12/6/2022 08:58:54
546,198,145,0.0,0.0,0.0,2/6/2019 10:41:57
547,253,16,0.0,0.0,0.0,12/9/2022 16:04:26
548,217,5,0.0,0.0,0.0,11/2/2019 04:41:40
549,292,134,0.0,0.0,0.0,7/24/2021 02:27:10
550,285,77,0.0,0.0,0.0,11/19/2020 17:49:51
551,283,76,0.0,0.0,0.0,7/29/2020 00:13:59
552,204,49,0.0,0.0,0.0,1/29/2022 16:43:17
553,298,111,0.0,0.0,0.0,10/20/2021 20:11:23
554,283,144,0.0,0.0,0.0,5/5/2021 07:17:43
555,104,93,0.0,0.0,0.0,2/23/2019 06:07:42
556,175,115,0.0,0.0,0.0,5/4/2022 09:53:08
557,37,26,0.0,0.0,0.0,3/27/2022 18:12:54
558,179,128,0.0,0.0,0.0,10/23/2019 22:58:00
559,337,93,0.0,0.0,0.0,10/29/2020 21:12:47
560,122,47,0.0,0.0,0.0,3/12/2021 05:48:34
561,312,130,0.0,0.0,0.0,1/2/2023 10:26:06
562,256,117,0.0,0.0,0.0,11/21/2021 22:51:15
563,305,107,0.0,0.0,0.0,4/22/2020 07:47:47
564,177,92,0.0,0.0,0.0,1/15/2023 02:08:06
565,229,144,0.0,0.0,0.0,10/17/2023 22:49:29
566,7,39,0.0,0.0,0.0,1/14/2020 10:05:35
567,287,128,0.0,0.0,0.0,10/13/2021 07:37:32
568,284,88,0.0,0.0,0.0,4/7/2022 16:00:45
569,46,123,0.0,0.0,0.0,1/24/2023 22:43:47
570,254,99,0.0,0.0,0.0,12/5/2018 11:40:04
571,33,75,0.0,0.0,0.0,10/11/2019 19:36:48
572,99,126,0.0,0.0,0.0,1/17/2019 02:58:30
573,78,25,0.0,0.0,0.0,9/16/2019 20:59:02
574,136,82,0.0,0.0,0.0,9/27/2021 06:36:35
575,113,89,0.0,0.0,0.0,3/24/2019 19:56:46
576,350,100,0.0,0.0,0.0,7/6/2022 17:27:02
577,291,132,0.0,0.0,0.0,11/22/2018 01:50:53
578,259,89,0.0,0.0,0.0,12/29/2019 07:16:50
579,308,7,0.0,0.0,0.0,12/15/2023 08:58:47
580,97,46,0.0,0.0,0.0,3/26/2019 10:10:48
581,185,125,0.0,0.0,0.0,11/18/2023 16:04:44
582,190,130,0.0,0.0,0.0,8/23/2019 01:43:18
583,163,61,0.0,0.0,0.0,10/5/2018 06:57:13
584,33,62,0.0,0.0,0.0,11/19/2018 21:45:51
585,93,102,0.0,0.0,0.0,1/16/2020 22:45:26
586,154,121,0.0,0.0,0.0,7/20/2018 09:51:53
587,127,148,0.0,0.0,0.0,6/6/2020 16:23:09
588,22,18,0.0,0.0,0.0,4/14/2023 08:13:50
589,298,74,0.0,0.0,0.0,7/15/2018 01:19:15
590,313,119,0.0,0.0,0.0,9/14/2019 10:23:17
591,4,68,0.0,0.0,0.0,4/19/2022 00:02:23
592,30,47,0.0,0.0,0.0,4/2/2022 18:13:12
593,118,116,0.0,0.0,0.0,2/26/2019 11:43:54
594,154,108,0.0,0.0,0.0,7/28/2022 15:32:06
595,159,92,0.0,0.0,0.0,5/29/2019 23:56:07
596,207,79,0.0,0.0,0.0,9/25/2019 23:28:14
597,134,127,0.0,0.0,0.0,1/29/2022 00:21:46
598,138,3,0.0,0.0,0.0,6/20/2018 09:44:11
599,33,107,0.0,0.0,0.0,9/21/2019 15:30:14
600,278,136,0.0,0.0,0.0,11/8/2020 00:29:48
601,174,145,0.0,0.0,0.0,7/31/2020 12:37:17
602,41,48,0.0,0.0,0.0,7/13/2021 22:59:03
603,13,69,0.0,0.0,0.0,10/1/2020 09:27:45
604,346,84,0.0,0.0,0.0,11/23/2022 05:32:04
605,41,139,0.0,0.0,0.0,5/30/2018 08:51:47
606,124,147,0.0,0.0,0.0,1/23/2023 01:24:43
607,333,35,0.0,0.0,0.0,6/3/2018 22:00:46
608,9,46,0.0,0.0,0.0,10/18/2021 11:30:26
609,180,100,0.0,0.0,0.0,11/23/2018 05:26:15
610,43,137,0.0,0.0,0.0,10/5/2019 14:19:12
611,280,56,0.0,0.0,0.0,11/20/2020 13:36:06
612,210,95,0.0,0.0,0.0,1/3/2023 18:09:51
613,246,87,0.0,0.0,0.0,10/15/2023 15:17:42
614,34,50,0.0,0.0,0.0,10/18/2023 21:14:38
615,31,117,0.0,0.0,0.0,2/9/2020 20:18:20
616,70,121,0.0,0.0,0.0,7/6/2022 05:52:07
617,300,120,0.0,0.0,0.0,9/20/2019 09:29:21
618,205,134,0.0,0.0,0.0,10/24/2022 13:20:34
619,275,124,0.0,0.0,0.0,1/5/2019 16:19:27
620,282,19,0.0,0.0,0.0,10/18/2018 06:43:40
621,291,150,0.0,0.0,0.0,2/25/2021 18:40:10
622,261,72,0.0,0.0,0.0,2/10/2023 10:50:57
623,144,8,0.0,0.0,0.0,6/8/2023 04:21:03
624,333,10,0.0,0.0,0.0,9/4/2019 03:36:26
625,121,16,0.0,0.0,0.0,6/9/2018 23:48:17
626,4,79,0.0,0.0,0.0,5/9/2020 11:06:47
627,337,73,0.0,0.0,0.0,1/29/2020 22:17:53
628,146,100,0.0,0.0,0.0,8/16/2020 20:36:51
629,337,13,0.0,0.0,0.0,7/13/2023 11:53:53
630,231,54,0.0,0.0,0.0,9/9/2022 10:10:05
631,278,44,0.0,0.0,0.0,8/25/2018 03:36:09
632,22,45,0.0,0.0,0.0,11/11/2019 07:37:33
633,144,82,0.0,0.0,0.0,2/15/2018 22:32:34
634,109,28,0.0,0.0,0.0,11/12/2018 15:03:44
635,164,75,0.0,0.0,0.0,3/11/2022 13:31:17
636,164,139,0.0,0.0,0.0,10/19/2021 16:48:38
637,174,69,0.0,0.0,0.0,5/7/2020 13:34:55
638,165,75,0.0,0.0,0.0,4/25/2023 07:32:23
639,188,116,0.0,0.0,0.0,3/11/2018 10:55:39
640,293,103,0.0,0.0,0.0,8/10/2021 06:38:48
641,121,81,0.0,0.0,0.0,8/28/2018 17:43:15
642,74,132,0.0,0.0,0.0,7/25/2020 13:11:16
643,182,53,0.0,0.0,0.0,5/14/2018 18:22:03
644,14,122,0.0,0.0,0.0,3/14/2022 20:21:29
645,37,27,0.0,0.0,0.0,11/28/2020 16:06:16
646,329,132,0.0,0.0,0.0,12/1/2023 09:21:16
647,273,7,0.0,0.0,0.0,8/10/2021 08:02:07
648,48,2,0.0,0.0,0.0,12/17/2020 04:17:57
649,244,45,0.0,0.0,0.0,8/27/2023 22:12:01
650,167,65,0.0,0.0,0.0,10/18/2023 08:00:23
651,84,131,0.0,0.0,0.0,8/6/2022 20:48:57
652,1,40,0.0,0.0,0.0,8/17/2019 14:58:13
653,336,96,0.0,0.0,0.0,4/24/2020 13:12:20
654,328,78,0.0,0.0,0.0,12/8/2019 14:59:13
655,60,106,0.0,0.0,0.0,7/6/2022 01:38:59
656,162,149,0.0,0.0,0.0,3/5/2018 06:12:37
657,114,50,0.0,0.0,0.0,1/8/2020 12:00:36
658,344,138,0.0,0.0,0.0,10/3/2022 21:51:26
659,232,131,0.0,0.0,0.0,11/17/2019 18:51:30
660,74,101,0.0,0.0,0.0,3/24/2018 12:26:29
661,134,114,0.0,0.0,0.0,7/5/2022 15:32:32
662,50,23,0.0,0.0,0.0,3/28/2023 01:17:35
663,170,107,0.0,0.0,0.0,4/12/2021 16:30:21
664,341,57,0.0,0.0,0.0,5/23/2021 21:34:00
665,238,74,0.0,0.0,0.0,7/24/2019 17:09:16
666,334,111,0.0,0.0,0.0,2/1/2020 16:18:14
667,337,2,0.0,0.0,0.0,11/24/2021 11:58:27
668,183,130,0.0,0.0,0.0,9/11/2018 13:36:55
669,350,95,0.0,0.0,0.0,8/6/2022 09:50:38
670,232,74,0.0,0.0,0.0,6/3/2021 19:24:33
671,245,76,0.0,0.0,0.0,8/11/2021 12:37:09
672,301,125,0.0,0.0,0.0,7/10/2018 05:38:48
673,50,114,0.0,0.0,0.0,6/12/2023 22:10:32
674,248,31,0.0,0.0,0.0,3/16/2018 14:57:38
675,141,89,0.0,0.0,0.0,9/27/2023 13:14:09
676,218,30,0.0,0.0,0.0,7/26/2020 04:27:36
677,196,55,0.0,0.0,0.0,7/10/2018 09:33:42
678,26,136,0.0,0.0,0.0,9/21/2022 11:01:07
679,88,58,0.0,0.0,0.0,1/28/2020 07:28:34
680,281,45,0.0,0.0,0.0,12/10/2022 20:24:53
681,171,9,0.0,0.0,0.0,2/9/2020 07:19:38
682,80,59,0.0,0.0,0.0,4/17/2018 23:24:01
683,143,64,0.0,0.0,0.0,12/11/2023 11:10:01
684,345,98,0.0,0.0,0.0,1/4/2019 08:14:01
685,108,4,0.0,0.0,0.0,7/30/2023 19:48:22
686,12,130,0.0,0.0,0.0,6/20/2022 18:12:20
687,263,75,0.0,0.0,0.0,9/21/2019 03:16:41
688,169,110,0.0,0.0,0.0,11/6/2018 20:07:59
689,197,122,0.0,0.0,0.0,5/31/2019 05:47:55
690,336,8,0.0,0.0,0.0,2/18/2018 22:13:18
691,107,41,0.0,0.0,0.0,9/28/2019 20:48:33
692,121,88,0.0,0.0,0.0,4/24/2023 23:27:04
693,98,22,0.0,0.0,0.0,12/19/2022 10:12:23
694,70,102,0.0,0.0,0.0,5/24/2023 16:59:05
695,287,44,0.0,0.0,0.0,5/4/2023 18:26:31
696,350,23,0.0,0.0,0.0,6/30/2019 10:58:16
697,232,110,0.0,0.0,0.0,3/30/2018 10:22:42
698,20,126,0.0,0.0,0.0,8/22/2021 18:20:54
699,201,3,0.0,0.0,0.0,6/18/2022 02:03:15
700,345,53,0.0,0.0,0.0,10/28/2018 19:29:18
701,113,27,0.0,0.0,0.0,8/10/2018 06:26:06
702,84,93,0.0,0.0,0.0,8/9/2018 14:32:08
703,175,38,0.0,0.0,0.0,5/25/2018 07:20:01
704,176,21,0.0,0.0,0.0,6/2/2019 07:16:33
705,215,104,0.0,0.0,0.0,3/25/2023 08:09:19
706,28,89,0.0,0.0,0.0,11/20/2018 13:36:54
707,57,28,0.0,0.0,0.0,5/10/2023 05:35:04
708,193,74,0.0,0.0,0.0,9/26/2023 01:50:10
709,170,17,0.0,0.0,0.0,10/1/2021 11:52:20
710,184,126,0.0,0.0,0.0,12/5/2023 12:54:32
711,169,51,0.0,0.0,0.0,7/25/2021 10:20:43
712,3,38,0.0,0.0,0.0,7/21/2019 22:52:29
713,48,123,0.0,0.0,0.0,12/5/2020 05:40:35
714,189,10,0.0,0.0,0.0,12/3/2020 22:07:51
715,141,4,0.0,0.0,0.0,1/27/2019 07:55:55
716,235,116,0.0,0.0,0.0,4/13/2019 13:22:33
717,118,48,0.0,0.0,0.0,5/25/2020 02:32:19
718,261,87,0.0,0.0,0.0,6/7/2020 08:24:08
719,75,2,0.0,0.0,0.0,8/27/2019 02:39:21
720,27,65,0.0,0.0,0.0,5/15/2023 01:38:57
721,251,61,0.0,0.0,0.0,10/13/2018 07:01:18
722,299,106,0.0,0.0,0.0,11/19/2019 05:09:14
723,341,143,0.0,0.0,0.0,4/18/2020 10:07:29
724,9,85,0.0,0.0,0.0,1/22/2021 22:48:04
725,68,26,0.0,0.0,0.0,10/6/2021 16:36:47
726,17,122,0.0,0.0,0.0,12/9/2018 04:05:04
727,165,81,0.0,0.0,0.0,7/21/2018 13:01:18
728,166,114,0.0,0.0,0.0,10/31/2022 14:19:57
729,136,90,0.0,0.0,0.0,10/12/2021 22:56:14
730,52,112,0.0,0.0,0.0,10/31/2021 09:58:54
731,136,86,0.0,0.0,0.0,4/17/2020 11:38:36
732,166,126,0.0,0.0,0.0,9/10/2022 13:06:45
733,171,24,0.0,0.0,0.0,1/1/2019 22:51:09
734,272,11,0.0,0.0,0.0,2/3/2022 16:08:18
735,271,5,0.0,0.0,0.0,1/14/2022 21:51:51
736,99,51,0.0,0.0,0.0,7/25/2020 16:29:43
737,191,61,0.0,0.0,0.0,7/25/2022 18:16:56
738,309,94,0.0,0.0,0.0,11/25/2023 09:20:29
739,303,111,0.0,0.0,0.0,5/16/2023 19:26:15
740,325,80,0.0,0.0,0.0,9/4/2023 08:26:58
741,250,118,0.0,0.0,0.0,10/2/2019 05:32:38
742,203,39,0.0,0.0,0.0,9/11/2020 20:21:28
743,149,92,0.0,0.0,0.0,9/22/2023 21:43:46
744,28,30,0.0,0.0,0.0,11/12/2018 12:18:50
745,95,10,0.0,0.0,0.0,3/11/2018 01:51:41
746,341,34,0.0,0.0,0.0,8/4/2021 02:17:54
747,124,148,0.0,0.0,0.0,12/22/2020 14:54:23
748,249,28,0.0,0.0,0.0,11/19/2022 06:37:45
749,53,91,0.0,0.0,0.0,6/15/2021 08:40:28
750,8,50,0.0,0.0,0.0,1/30/2022 07:24:10
751,320,6,0.0,0.0,0.0,10/6/2019 22:06:23
752,155,75,0.0,0.0,0.0,1/19/2019 21:13:53
753,258,129,0.0,0.0,0.0,9/13/2022 09:07:15
754,112,93,0.0,0.0,0.0,8/13/2018 09:23:34
755,125,58,0.0,0.0,0.0,4/27/2022 05:25:48
756,327,149,0.0,0.0,0.0,6/12/2023 00:04:00
757,130,29,0.0,0.0,0.0,8/24/2018 14:53:34
758,15,95,0.0,0.0,0.0,9/14/2022 17:11:21
759,122,79,0.0,0.0,0.0,10/8/2023 08:45:08
760,138,68,0.0,0.0,0.0,1/20/2019 01:04:04
761,107,73,0.0,0.0,0.0,8/24/2020 21:20:17
762,238,91,0.0,0.0,0.0,4/25/2023 13:02:59
763,15,26,0.0,0.0,0.0,7/15/2019 04:58:18
764,95,52,0.0,0.0,0.0,2/6/2022 18:58:13
765,149,25,0.0,0.0,0.0,11/6/2018 15:30:58
766,194,74,0.0,0.0,0.0,12/17/2022 19:13:49
767,287,119,0.0,0.0,0.0,9/7/2021 03:17:40
768,5,29,0.0,0.0,0.0,6/12/2021 17:29:48
769,234,70,0.0,0.0,0.0,10/14/2019 10:03:46
770,107,109,0.0,0.0,0.0,4/16/2020 14:19:51
771,51,26,0.0,0.0,0.0,6/14/2023 00:39:23
772,321,56,0.0,0.0,0.0,11/15/2018 06:59:34
773,293,90,0.0,0.0,0.0,4/23/2022 01:54:21
774,138,148,0.0,0.0,0.0,4/22/2018 14:04:03
775,295,124,0.0,0.0,0.0,4/2/2022 08:02:28
776,28,11,0.0,0.0,0.0,3/19/2018 18:05:18
777,253,67,0.0,0.0,0.0,10/19/2020 07:05:55
778,234,110,0.0,0.0,0.0,5/15/2018 00:24:30
779,297,42,0.0,0.0,0.0,9/7/2019 15:29:54
780,339,126,0.0,0.0,0.0,2/17/2021 06:30:16
781,97,41,0.0,0.0,0.0,6/19/2018 16:18:58
782,243,28,0.0,0.0,0.0,8/24/2018 16:59:00
783,50,47,0.0,0.0,0.0,8/15/2019 22:52:25
784,309,49,0.0,0.0,0.0,12/8/2021 17:40:13
785,297,42,0.0,0.0,0.0,5/16/2020 03:41:46
786,28,127,0.0,0.0,0.0,1/8/2019 03:05:15
787,119,24,0.0,0.0,0.0,4/8/2019 02:20:41
788,37,9,0.0,0.0,0.0,7/20/2019 18:28:52
789,41,58,0.0,0.0,0.0,4/27/2018 13:17:12
790,28,49,0.0,0.0,0.0,5/14/2020 06:59:36
791,327,44,0.0,0.0,0.0,11/26/2021 20:02:30
792,124,83,0.0,0.0,0.0,9/13/2018 04:28:02
793,87,18,0.0,0.0,0.0,1/10/2021 05:06:52
794,49,7,0.0,0.0,0.0,6/11/2022 07:39:02
795,195,31,0.0,0.0,0.0,6/25/2023 16:17:31
796,97,117,0.0,0.0,0.0,4/15/2019 03:37:45
797,153,58,0.0,0.0,0.0,1/19/2020 23:37:57
798,122,144,0.0,0.0,0.0,7/12/2023 16:30:01
799,147,121,0.0,0.0,0.0,1/16/2023 16:59:06
800,24,112,0.0,0.0,0.0,5/23/2020 11:31:30
801,255,142,0.0,0.0,0.0,8/13/2021 15:52:05
802,56,79,0.0,0.0,0.0,9/13/2018 03:44:51
803,144,113,0.0,0.0,0.0,8/18/2020 13:34:12
804,82,144,0.0,0.0,0.0,8/20/2020 05:36:37
805,83,8,0.0,0.0,0.0,4/26/2021 22:18:31
806,313,123,0.0,0.0,0.0,7/2/2023 09:41:36
807,331,57,0.0,0.0,0.0,10/27/2021 15:36:30
808,160,86,0.0,0.0,0.0,10/31/2021 20:46:29
809,148,102,0.0,0.0,0.0,12/26/2021 04:12:23
810,278,105,0.0,0.0,0.0,12/3/2018 21:22:44
811,214,112,0.0,0.0,0.0,1/18/2019 06:39:03
812,75,49,0.0,0.0,0.0,4/3/2019 03:08:39
813,177,11,0.0,0.0,0.0,8/19/2020 21:49:14
814,188,109,0.0,0.0,0.0,4/11/2019 05:42:54
815,110,14,0.0,0.0,0.0,9/12/2018 02:44:17
816,90,71,0.0,0.0,0.0,9/21/2018 05:05:09
817,78,88,0.0,0.0,0.0,12/5/2022 20:12:43
818,295,17,0.0,0.0,0.0,2/4/2023 09:18:09
819,42,89,0.0,0.0,0.0,2/7/2020 17:54:00
820,274,25,0.0,0.0,0.0,10/12/2022 10:06:50
821,350,11,0.0,0.0,0.0,12/8/2021 21:10:37
822,292,52,0.0,0.0,0.0,11/29/2020 23:20:07
823,333,101,0.0,0.0,0.0,3/18/2022 15:06:27
824,318,12,0.0,0.0,0.0,10/6/2020 08:29:52
825,325,34,0.0,0.0,0.0,10/17/2019 23:28:08
826,222,1,0.0,0.0,0.0,7/12/2018 05:09:40
827,67,106,0.0,0.0,0.0,9/14/2022 12:16:12
828,1,96,0.0,0.0,0.0,6/9/2021 12:31:58
829,65,66,0.0,0.0,0.0,6/18/2022 23:49:32
830,158,78,0.0,0.0,0.0,9/7/2022 13:20:40
831,169,93,0.0,0.0,0.0,5/15/2023 11:20:01
832,345,22,0.0,0.0,0.0,12/12/2021 15:53:17
833,183,77,0.0,0.0,0.0,11/23/2019 09:20:32
834,89,44,0.0,0.0,0.0,5/25/2022 16:31:09
835,51,87,0.0,0.0,0.0,12/8/2022 13:52:52
836,1,131,0.0,0.0,0.0,9/19/2021 03:19:21
837,211,9,0.0,0.0,0.0,3/6/2019 13:19:57
838,253,19,0.0,0.0,0.0,5/5/2018 05:04:34
839,104,56,0.0,0.0,0.0,4/13/2018 14:41:40
840,342,132,0.0,0.0,0.0,6/22/2020 04:39:44
841,135,121,0.0,0.0,0.0,6/5/2022 17:23:11
842,129,64,0.0,0.0,0.0,5/23/2022 02:21:40
843,206,133,0.0,0.0,0.0,9/4/2021 01:45:46
844,191,99,0.0,0.0,0.0,7/26/2020 16:39:08
845,165,65,0.0,0.0,0.0,10/3/2023 14:48:59
846,224,80,0.0,0.0,0.0,6/6/2020 19:16:35
847,242,126,0.0,0.0,0.0,11/5/2019 12:47:29
848,319,13,0.0,0.0,0.0,6/4/2023 13:48:41
849,181,22,0.0,0.0,0.0,12/12/2023 13:36:06
850,71,51,0.0,0.0,0.0,4/12/2019 20:09:21
851,223,100,0.0,0.0,0.0,11/25/2018 20:19:38
852,209,119,0.0,0.0,0.0,1/17/2022 16:14:03
853,7,13,0.0,0.0,0.0,8/16/2019 14:02:26
854,152,47,0.0,0.0,0.0,6/3/2019 11:48:29
855,274,49,0.0,0.0,0.0,6/24/2021 04:03:03
856,185,97,0.0,0.0,0.0,5/16/2023 04:13:50
857,192,45,0.0,0.0,0.0,7/1/2020 04:29:34
858,293,84,0.0,0.0,0.0,1/29/2023 12:38:38
859,153,123,0.0,0.0,0.0,12/13/2018 18:39:13
860,94,34,0.0,0.0,0.0,3/14/2018 19:02:23
861,71,25,0.0,0.0,0.0,8/10/2020 05:49:50
862,46,24,0.0,0.0,0.0,5/8/2022 18:06:12
863,30,23,0.0,0.0,0.0,7/17/2020 23:59:22
864,333,90,0.0,0.0,0.0,7/1/2019 10:06:04
865,53,43,0.0,0.0,0.0,12/18/2018 10:36:20
866,243,20,0.0,0.0,0.0,6/23/2020 13:52:37
867,348,133,0.0,0.0,0.0,8/10/2020 18:44:45
868,37,138,0.0,0.0,0.0,6/12/2023 00:44:33
869,305,11,0.0,0.0,0.0,9/11/2023 07:58:48
870,223,93,0.0,0.0,0.0,6/17/2023 15:33:26
871,30,150,0.0,0.0,0.0,1/12/2021 20:02:47
872,237,2,0.0,0.0,0.0,5/28/2018 19:27:30
873,25,126,0.0,0.0,0.0,11/29/2019 03:34:20
874,35,83,0.0,0.0,0.0,2/3/2018 06:12:48
875,90,149,0.0,0.0,0.0,10/23/2021 02:06:10
876,337,63,0.0,0.0,0.0,7/25/2020 07:46:39
877,41,26,0.0,0.0,0.0,5/6/2020 22:48:46
878,109,67,0.0,0.0,0.0,1/7/2021 21:07:30
879,339,121,0.0,0.0,0.0,7/10/2023 07:57:46
880,219,51,0.0,0.0,0.0,8/28/2023 20:21:01
881,75,136,0.0,0.0,0.0,12/14/2020 17:18:26
882,179,54,0.0,0.0,0.0,2/25/2020 03:46:16
883,95,51,0.0,0.0,0.0,6/26/2021 01:04:22
884,310,136,0.0,0.0,0.0,10/24/2018 17:45:55
885,4,12,0.0,0.0,0.0,9/12/2019 04:27:25
886,49,110,0.0,0.0,0.0,1/18/2018 21:00:02
887,75,42,0.0,0.0,0.0,3/1/2022 18:22:43
888,128,138,0.0,0.0,0.0,5/24/2023 19:18:34
889,141,113,0.0,0.0,0.0,12/21/2019 04:56:18
890,258,112,0.0,0.0,0.0,5/16/2021 14:10:07
891,81,101,0.0,0.0,0.0,12/16/2021 21:08:12
892,226,57,0.0,0.0,0.0,7/27/2020 10:52:26
893,26,30,0.0,0.0,0.0,3/19/2018 04:02:21
894,118,111,0.0,0.0,0.0,5/29/2023 15:05:17
895,250,95,0.0,0.0,0.0,2/7/2021 03:07:41
896,135,52,0.0,0.0,0.0,3/26/2022 01:55:06
897,241,130,0.0,0.0,0.0,8/30/2020 18:25:41
898,41,143,0.0,0.0,0.0,3/15/2019 01:17:57
899,18,137,0.0,0.0,0.0,9/2/2022 09:41:58
900,291,43,0.0,0.0,0.0,5/24/2022 02:22:47
901,61,18,0.0,0.0,0.0,3/17/2019 16:45:47
902,104,130,0.0,0.0,0.0,6/3/2019 02:20:13
903,133,127,0.0,0.0,0.0,8/19/2021 03:33:39
904,87,12,0.0,0.0,0.0,6/12/2020 08:25:21
905,68,103,0.0,0.0,0.0,11/3/2022 12:11:52
906,243,127,0.0,0.0,0.0,6/9/2020 02:51:36
907,280,18,0.0,0.0,0.0,10/1/2021 04:55:57
908,306,63,0.0,0.0,0.0,10/29/2023 05:57:40
909,91,22,0.0,0.0,0.0,12/13/2018 05:04:12
910,220,59,0.0,0.0,0.0,1/15/2023 07:12:29
911,176,106,0.0,0.0,0.0,1/8/2019 03:39:00
912,213,119,0.0,0.0,0.0,4/7/2023 14:41:04
913,107,7,0.0,0.0,0.0,6/6/2022 16:08:16
914,145,4,0.0,0.0,0.0,11/30/2023 13:38:19
915,283,95,0.0,0.0,0.0,7/10/2021 11:16:53
916,160,124,0.0,0.0,0.0,5/2/2021 11:08:22
917,217,73,0.0,0.0,0.0,3/12/2022 16:56:53
918,210,6,0.0,0.0,0.0,2/10/2020 12:21:27
919,166,28,0.0,0.0,0.0,5/25/2023 20:34:04
920,146,97,0.0,0.0,0.0,8/27/2021 13:26:27
921,52,140,0.0,0.0,0.0,8/2/2022 13:59:14
922,327,109,0.0,0.0,0.0,7/10/2023 05:46:58
923,63,49,0.0,0.0,0.0,3/7/2022 22:01:36
924,119,32,0.0,0.0,0.0,3/30/2018 21:20:47
925,315,125,0.0,0.0,0.0,4/26/2022 17:27:27
926,305,67,0.0,0.0,0.0,7/13/2018 18:54:33
927,126,24,0.0,0.0,0.0,2/2/2018 01:10:46
928,223,31,0.0,0.0,0.0,11/1/2023 04:24:21
929,191,76,0.0,0.0,0.0,5/21/2019 18:02:51
930,155,73,0.0,0.0,0.0,11/26/2021 23:41:47
931,49,110,0.0,0.0,0.0,12/20/2021 14:57:11
932,236,84,0.0,0.0,0.0,5/1/2018 08:19:37
933,59,69,0.0,0.0,0.0,9/25/2021 21:56:42
934,212,1,0.0,0.0,0.0,4/19/2018 00:21:45
935,192,70,0.0,0.0,0.0,2/8/2018 15:11:05
936,54,78,0.0,0.0,0.0,9/21/2020 01:45:28
937,20,33,0.0,0.0,0.0,3/30/2021 06:11:46
938,212,85,0.0,0.0,0.0,9/23/2023 10:30:18
939,186,144,0.0,0.0,0.0,5/19/2021 02:59:03
940,49,83,0.0,0.0,0.0,2/23/2018 10:36:12
941,84,54,0.0,0.0,0.0,1/8/2018 22:21:39
942,22,148,0.0,0.0,0.0,3/10/2023 17:55:30
943,191,145,0.0,0.0,0.0,1/1/2019 18:49:13
944,62,122,0.0,0.0,0.0,3/4/2019 17:16:10
945,244,111,0.0,0.0,0.0,3/20/2021 22:05:46
946,346,65,0.0,0.0,0.0,4/23/2018 04:36:37
947,189,149,0.0,0.0,0.0,5/30/2022 03:28:23
948,341,78,0.0,0.0,0.0,5/5/2022 20:36:26
949,33,52,0.0,0.0,0.0,2/19/2022 01:47:27
950,283,63,0.0,0.0,0.0,3/23/2020 19:05:00
951,48,74,0.0,0.0,0.0,5/1/2020 07:00:43
952,188,4,0.0,0.0,0.0,10/27/2023 16:35:08
953,87,27,0.0,0.0,0.0,7/28/2022 20:19:10
954,136,10,0.0,0.0,0.0,12/4/2019 18:35:07
955,344,10,0.0,0.0,0.0,9/6/2021 23:48:00
956,167,130,0.0,0.0,0.0,12/23/2020 05:20:58
957,32,72,0.0,0.0,0.0,9/10/2019 08:30:31
958,326,80,0.0,0.0,0.0,7/9/2019 17:25:47
959,105,137,0.0,0.0,0.0,10/8/2018 02:47:47
960,41,87,0.0,0.0,0.0,3/20/2021 12:50:54
961,286,44,0.0,0.0,0.0,8/23/2019 16:22:24
962,256,71,0.0,0.0,0.0,5/20/2021 14:01:58
963,286,76,0.0,0.0,0.0,10/5/2021 20:04:17
964,89,65,0.0,0.0,0.0,4/7/2018 03:47:29
965,256,51,0.0,0.0,0.0,12/23/2021 15:46:01
966,298,91,0.0,0.0,0.0,8/20/2022 05:57:48
967,35,6,0.0,0.0,0.0,11/19/2022 03:49:59
968,316,13,0.0,0.0,0.0,12/29/2023 02:37:43
969,275,13,0.0,0.0,0.0,6/9/2018 22:50:58
970,52,145,0.0,0.0,0.0,1/5/2023 22:44:00
971,330,91,0.0,0.0,0.0,4/6/2021 20:34:18
972,190,114,0.0,0.0,0.0,7/24/2022 11:21:57
973,143,88,0.0,0.0,0.0,7/6/2020 05:16:31
974,330,68,0.0,0.0,0.0,10/27/2020 08:51:39
975,331,59,0.0,0.0,0.0,5/16/2018 15:01:18
976,228,75,0.0,0.0,0.0,7/29/2023 21:47:39
977,198,146,0.0,0.0,0.0,7/8/2020 08:47:48
978,96,39,0.0,0.0,0.0,5/19/2019 16:00:36
979,344,125,0.0,0.0,0.0,12/28/2023 16:39:52
980,277,34,0.0,0.0,0.0,2/4/2018 05:58:13
981,177,40,0.0,0.0,0.0,7/1/2018 09:04:38
982,219,91,0.0,0.0,0.0,6/14/2021 14:12:28
983,284,76,0.0,0.0,0.0,8/21/2022 08:37:36
984,71,30,0.0,0.0,0.0,6/16/2023 00:11:24
985,25,4,0.0,0.0,0.0,1/10/2023 05:31:25
986,253,96,0.0,0.0,0.0,9/25/2020 03:43:41
987,27,30,0.0,0.0,0.0,6/25/2018 05:09:23
988,41,39,0.0,0.0,0.0,8/8/2018 10:29:37
989,169,27,0.0,0.0,0.0,3/16/2023 16:45:05
990,20,63,0.0,0.0,0.0,5/24/2018 22:23:00
991,56,97,0.0,0.0,0.0,2/4/2021 08:45:53
992,122,138,0.0,0.0,0.0,10/19/2019 13:38:10
993,180,95,0.0,0.0,0.0,7/11/2019 01:36:12
994,83,109,0.0,0.0,0.0,4/21/2021 17:10:58
995,74,31,0.0,0.0,0.0,8/28/2023 20:37:37
996,122,2,0.0,0.0,0.0,3/9/2018 19:40:04
997,137,41,0.0,0.0,0.0,10/28/2023 15:30:16
998,225,107,0.0,0.0,0.0,12/6/2021 10:02:48
999,242,3,0.0,0.0,0.0,2/4/2021 06:29:44
1000,158,130,0.0,0.0,0.0,5/6/2022 19:50:57
